-- Tabela Hospital
INSERT INTO Hospital (CNPJ, Endereço_CEP, Endereço_Complemento, Endereço_numero) VALUES
('12345678000101', '50000-000', 'Apto 101', 100),
('22345678000102', '50001-001', 'Apto 102', 101),
('32345678000103', '50002-002', 'Apto 103', 102),
('42345678000104', '50003-003', 'Apto 104', 103),
('52345678000105', '50004-004', 'Apto 105', 104),
('62345678000106', '50005-005', 'Apto 106', 105),
('72345678000107', '50006-006', 'Apto 107', 106),
('82345678000108', '50007-007', 'Apto 108', 107),
('92345678000109', '50008-008', 'Apto 109', 108),
('02345678000110', '50009-009', 'Apto 110', 109);

-- Tabela Medico
INSERT INTO Medico (CPF, Nome, CRM) VALUES
('11111111111', 'Dr. João Silva', 'CRM001'),
('22222222222', 'Dr. Maria Oliveira', 'CRM002'),
('33333333333', 'Dr. José Souza', 'CRM003'),
('44444444444', 'Dr. Ana Costa', 'CRM004'),
('55555555555', 'Dr. Pedro Lima', 'CRM005'),
('66666666666', 'Dr. Paula Dias', 'CRM006'),
('77777777777', 'Dr. Marcos Santos', 'CRM007'),
('88888888888', 'Dr. Carla Pereira', 'CRM008'),
('99999999999', 'Dr. Felipe Rocha', 'CRM009'),
('00000000000', 'Dr. Lucas Almeida', 'CRM010');

-- Tabela Telefone
INSERT INTO Telefone (CPF, telefone) VALUES
('11111111111', '81999990001'),
('11111111111', '81999990002'),
('22222222222', '81999990003'),
('22222222222', '81999990004'),
('33333333333', '81999990005'),
('33333333333', '81999990006'),
('44444444444', '81999990007'),
('55555555555', '81999990008'),
('66666666666', '81999990009'),
('77777777777', '81999990010');

-- Tabela Produto_Servico
INSERT INTO Produto_Servico (Cod, Nome) VALUES
(1, 'Consulta Geral'),
(2, 'Cirurgia'),
(3, 'Exame de Sangue'),
(4, 'Raio-X'),
(5, 'Tomografia'),
(6, 'Fisioterapia'),
(7, 'Vacinação'),
(8, 'Eletrocardiograma'),
(9, 'Ultrassom'),
(10, 'Consulta Especializada');

-- Tabela Medicamento
INSERT INTO Medicamento (Cod, Laboratório, Nome) VALUES
(1, 'Lab A', 'Paracetamol'),
(2, 'Lab B', 'Ibuprofeno'),
(3, 'Lab C', 'Amoxicilina'),
(4, 'Lab D', 'Dipirona'),
(5, 'Lab E', 'Cetirizina'),
(6, 'Lab F', 'Omeprazol'),
(7, 'Lab G', 'Aspirina'),
(8, 'Lab H', 'Clorfeniramina'),
(9, 'Lab I', 'Metformina'),
(10, 'Lab J', 'Simvastatina');

-- Tabela Setor
INSERT INTO Setor (CNPJ, Nome_setor) VALUES
('12345678000101', 'Emergência'),
('12345678000101', 'Pediatria'),
('22345678000102', 'Cardiologia'),
('22345678000102', 'Ortopedia'),
('32345678000103', 'Oncologia'),
('42345678000104', 'Geriatria'),
('52345678000105', 'Dermatologia'),
('62345678000106', 'Neurologia'),
('72345678000107', 'Psiquiatria'),
('82345678000108', 'Ginecologia');

-- Tabela Enfermaria
INSERT INTO Enfermaria (CNPJ, Numero_enfermaria, Nome_setor) VALUES
('12345678000101', 101, 'Emergência'),
('12345678000101', 102, 'Pediatria'),
('22345678000102', 201, 'Cardiologia'),
('22345678000102', 202, 'Ortopedia'),
('32345678000103', 301, 'Oncologia'),
('42345678000104', 401, 'Geriatria'),
('52345678000105', 501, 'Dermatologia'),
('62345678000106', 601, 'Neurologia'),
('72345678000107', 701, 'Psiquiatria'),
('82345678000108', 801, 'Ginecologia');

-- Tabela Quarto
INSERT INTO Quarto (CNPJ, Numero_quarto, Nome_setor) VALUES
('12345678000101', 1, 'Emergência'),
('12345678000101', 2, 'Pediatria'),
('22345678000102', 3, 'Cardiologia'),
('22345678000102', 4, 'Ortopedia'),
('32345678000103', 5, 'Oncologia'),
('42345678000104', 6, 'Geriatria'),
('52345678000105', 7, 'Dermatologia'),
('62345678000106', 8, 'Neurologia'),
('72345678000107', 9, 'Psiquiatria'),
('82345678000108', 10, 'Ginecologia');

-- Tabela Paciente
INSERT INTO Paciente (CPF, Nome) VALUES
('10101010101', 'Alice Fernandes'),
('20202020202', 'Bruno Silva'),
('30303030303', 'Clara Rodrigues'),
('40404040404', 'Daniel Alves'),
('50505050505', 'Elisa Costa'),
('60606060606', 'Fernando Gomes'),
('70707070707', 'Gabriela Melo'),
('80808080808', 'Hugo Pereira'),
('90909090909', 'Iris Rocha'),
('01010101010', 'Júlio Souza');

-- Tabela Paciente_Quarto
INSERT INTO Paciente_Quarto (CPF, Cep, Numero, Complemento) VALUES
('10101010101', '50000-001', 100, 'Bloco A'),
('20202020202', '50001-002', 101, 'Bloco B'),
('30303030303', '50002-003', 102, 'Bloco C'),
('40404040404', '50003-004', 103, 'Bloco D'),
('50505050505', '50004-005', 104, 'Bloco E'),
('60606060606', '50005-006', 105, 'Bloco F'),
('70707070707', '50006-007', 106, 'Bloco G'),
('80808080808', '50007-008', 107, 'Bloco H'),
('90909090909', '50008-009', 108, 'Bloco I'),
('01010101010', '50009-010', 109, 'Bloco J');

-- Tabela Paciente_Enfermaria
INSERT INTO Paciente_Enfermaria (CPF, Cep, Numero, Complemento) VALUES
('10101010101', '50000-001', 100, 'Apto 1'),
('20202020202', '50001-002', 101, 'Apto 2'),
('30303030303', '50002-003', 102, 'Apto 3'),
('40404040404', '50003-004', 103, 'Apto 4'),
('50505050505', '50004-005', 104, 'Apto 5'),
('60606060606', '50005-006', 105, 'Apto 6'),
('70707070707', '50006-007', 106, 'Apto 7'),
('80808080808', '50007-008', 107, 'Apto 8'),
('90909090909', '50008-009', 108, 'Apto 9'),
('01010101010', '50009-010', 109, 'Apto 10');

-- Tabela Consulta
INSERT INTO Consulta (CPF_Medico, CPF_Paciente, Data) VALUES
('11111111111', '10101010101', '2023-01-01'),
('11111111111', '20202020202', '2023-02-01'),
('22222222222', '30303030303', '2023-03-01'),
('22222222222', '40404040404', '2023-04-01'),
('33333333333', '50505050505', '2023-05-01'),
('33333333333', '60606060606', '2023-06-01'),
('44444444444', '70707070707', '2023-07-01'),
('44444444444', '80808080808', '2023-08-01'),
('55555555555', '90909090909', '2023-09-01'),
('55555555555', '01010101010', '2023-10-01');

-- Tabela Trabalha
INSERT INTO Trabalha (CPF_medico, Nome_setor) VALUES
('11111111111', 'Emergência'),
('22222222222', 'Pediatria'),
('33333333333', 'Cardiologia'),
('44444444444', 'Ortopedia'),
('55555555555', 'Oncologia'),
('66666666666', 'Geriatria'),
('77777777777', 'Dermatologia'),
('88888888888', 'Neurologia'),
('99999999999', 'Psiquiatria'),
('00000000000', 'Ginecologia');

-- Tabela Interna_Enfermaria
INSERT INTO Interna_Enfermaria (CNPJ, Numero_enfermaria, CPF_Paciente_enf, Data) VALUES
('12345678000101', 101, '10101010101', '2023-01-10'),
('12345678000101', 102, '20202020202', '2023-02-10'),
('22345678000102', 201, '30303030303', '2023-03-10'),
('22345678000102', 202, '40404040404', '2023-04-10'),
('32345678000103', 301, '50505050505', '2023-05-10'),
('42345678000104', 401, '60606060606', '2023-06-10'),
('52345678000105', 501, '70707070707', '2023-07-10'),
('62345678000106', 601, '80808080808', '2023-08-10'),
('72345678000107', 701, '90909090909', '2023-09-10'),
('82345678000108', 801, '01010101010', '2023-10-10');

-- Inserindo dados na tabela Interna_Quarto
INSERT INTO Interna_Quarto (CNPJ, Numero_quarto, CPF_Paciente, Cod_prod_serv, Data) VALUES
('12345678000101', 1, '10101010101', 1, '2023-01-15'),
('12345678000101', 2, '20202020202', 2, '2023-02-15'),
('22345678000102', 3, '30303030303', 3, '2023-03-15'),
('22345678000102', 4, '40404040404', 4, '2023-04-15'),
('32345678000103', 5, '50505050505', 5, '2023-05-15'),
('42345678000104', 6, '60606060606', 6, '2023-06-15'),
('52345678000105', 7, '70707070707', 7, '2023-07-15'),
('62345678000106', 8, '80808080808', 8, '2023-08-15'),
('72345678000107', 9, '90909090909', 9, '2023-09-15'),
('82345678000108', 10, '01010101010', 10, '2023-10-15');

-- Tabela Receita
INSERT INTO Receita (CPF_Medico, CPF_Paciente, Cod_medicamento) VALUES
('11111111111', '10101010101', 1),
('11111111111', '20202020202', 2),
('22222222222', '30303030303', 3),
('22222222222', '40404040404', 4),
('33333333333', '50505050505', 5),
('33333333333', '60606060606', 6),
('44444444444', '70707070707', 7),
('44444444444', '80808080808', 8),
('55555555555', '90909090909', 9),
('55555555555', '01010101010', 10);

-- Tabela Supervisiona
INSERT INTO Supervisiona (Supervisor, Supervisionado) VALUES
('11111111111', '22222222222'),
('22222222222', '33333333333'),
('33333333333', '44444444444'),
('44444444444', '55555555555'),
('55555555555', '66666666666'),
('66666666666', '77777777777'),
('77777777777', '88888888888'),
('88888888888', '99999999999'),
('99999999999', '00000000000'),
('00000000000', '11111111111');
